{"Training Loss": 0.013545210473239422, "_timestamp": 1710413153.8251846, "_runtime": 3584.91255068779, "_step": 34889, "_wandb": {"runtime": 3659}}